Years,Technologies,F
2021,REFRIGERATOR_EL,0.04830207557690588
2025,REFRIGERATOR_EL,0.09236650519757317
2030,REFRIGERATOR_EL,0.133654507905779
2035,REFRIGERATOR_EL,0.1616949656653442
2040,REFRIGERATOR_EL,0.1198004410043623
2045,REFRIGERATOR_EL,0.1327946732526355
2050,REFRIGERATOR_EL,0.05276160081202466
