Years,Technologies,F
2021,REFRIGERATOR_EL,0.1025205308025082
2025,REFRIGERATOR_EL,0.2908100698536009
2030,REFRIGERATOR_EL,0.4577078599148228
2035,REFRIGERATOR_EL,0.4859868151365411
2040,REFRIGERATOR_EL,0.3565033803607529
2045,REFRIGERATOR_EL,0.3816763209171476
2050,REFRIGERATOR_EL,0.05275179777306732
