Years,Technologies,F
2021,CONVENTIONAL_LIGHT,0.008017990041498172
2025,CONVENTIONAL_LIGHT,0.008459601142972
2030,CONVENTIONAL_LIGHT,0.00899686060486
2035,CONVENTIONAL_LIGHT,0.009509433702591998
2040,CONVENTIONAL_LIGHT,0.009990507350402
2045,CONVENTIONAL_LIGHT,0.010435278706448
2050,CONVENTIONAL_LIGHT,0.010840108832274
