Years,Technologies,F
2021,CONVENTIONAL_LIGHT,0.008017991041865647
2025,LED_LIGHT,0.008459562118016182
2030,LED_LIGHT,0.008996824716985485
2035,LED_LIGHT,0.009509389408533454
2040,LED_LIGHT,0.00999044071036292
2045,LED_LIGHT,0.01043520018395785
2050,LED_LIGHT,0.01083994008403914
