Years,Technologies,F
2021,IND_MACHINERY_EL,0.1805442490670068
2025,IND_MACHINERY_EL,0.1965201210683533
2030,IND_MACHINERY_EL,0.2164878132851893
2035,IND_MACHINERY_EL,0.2364481845104705
2040,IND_MACHINERY_EL,0.2564230529504443
2045,IND_MACHINERY_EL,0.2764056690236961
2050,IND_MACHINERY_EL,0.2963249631278539
