Years,Technologies,F
2021,TRACTOR_DIESEL,0.005743344809647555
2025,TRACTOR_DIESEL,0.006066626815817181
2030,TRACTOR_DIESEL,0.006458374274700538
2035,TRACTOR_DIESEL,0.006836831773037196
2040,TRACTOR_DIESEL,0.007170294097918084
2045,TRACTOR_DIESEL,0.0075176850314864
2050,TRACTOR_DIESEL,0.00773515388127854
