Years,Technologies,F
2021,IND_MACHINERY_EL,0.1807141223397117
2025,IND_MACHINERY_EL,0.1968741050307319
2030,IND_MACHINERY_EL,0.2170361400877545
2035,IND_MACHINERY_EL,0.2369818001928828
2040,IND_MACHINERY_EL,0.2570017020114934
2045,IND_MACHINERY_EL,0.2771399287300995
2050,IND_MACHINERY_EL,0.2963249631278539
