Years,Technologies,F
2025,IND_ELEC_COLD,2.9936526273144e-08
2030,IND_ELEC_COLD,4.573062479713999e-08
2035,IND_ELEC_COLD,5.742419296029475e-08
2040,IND_ELEC_COLD,7.988213954683539e-08
2045,IND_ELEC_COLD,6.764433485983706e-08
