Years,Technologies,F
2040,IND_ELEC_COLD,1.300805820748635e-08
2045,IND_ELEC_COLD,1.174936291779793e-08
