Years,Technologies,F
2021,DEC_ELEC_COLD,0.02242477241903919
2025,DEC_ELEC_COLD,0.02365987795956218
2030,DEC_ELEC_COLD,0.02516249092213863
2035,DEC_ELEC_COLD,0.0265960631439094
2040,DEC_ELEC_COLD,0.02794154298034674
2045,DEC_ELEC_COLD,0.02918549239928057
2050,DEC_ELEC_COLD,0.030317688520794
