Years,Technologies,F
2021,DEC_ELEC_COLD,0.02242476847092188
2025,DEC_ELEC_COLD,0.02365987025292965
2030,DEC_ELEC_COLD,0.02516248112301606
2035,DEC_ELEC_COLD,0.02659604928574534
2040,DEC_ELEC_COLD,0.0279415208469103
2045,DEC_ELEC_COLD,0.029185461932952
2050,DEC_ELEC_COLD,0.030317688520794
